"2025-06-28T00:31:03.296Z","TW96aWxsYS81LjAgKFdpbmRvd3MgTlQgMTAuMDsgV2luNjQ7IHg2NCkgQXBwbGVXZWJLaXQvNTM3LjM2IChLSFRNTCwgbGlrZSBHZWNrbykgVHJhZS8xLjEwMC4zIENocm9tZS8xMzIuMC42ODM0LjIxMCBFbGVjdHJvbi8zNC41LjEgU2FmYXJpLzUzNy4zNldpbjMyMTkyMDEwODA=","Mozilla/5.0 (Windows NT 10.0; Win64; x64) AppleWebKit/537.36 (KHTML, like Gecko) Trae/1.100.3 Chrome/132.0.6834.210 Electron/34.5.1 Safari/537.36","Win32","Europe/Paris"
"2025-06-28T00:31:03.335Z","TW96aWxsYS81LjAgKFdpbmRvd3MgTlQgMTAuMDsgV2luNjQ7IHg2NCkgQXBwbGVXZWJLaXQvNTM3LjM2IChLSFRNTCwgbGlrZSBHZWNrbykgVHJhZS8xLjEwMC4zIENocm9tZS8xMzIuMC42ODM0LjIxMCBFbGVjdHJvbi8zNC41LjEgU2FmYXJpLzUzNy4zNldpbjMyMTkyMDEwODA=","Mozilla/5.0 (Windows NT 10.0; Win64; x64) AppleWebKit/537.36 (KHTML, like Gecko) Trae/1.100.3 Chrome/132.0.6834.210 Electron/34.5.1 Safari/537.36","Win32","Europe/Paris"
"2025-06-28T00:31:03.583Z","TW96aWxsYS81LjAgKFdpbmRvd3MgTlQgMTAuMDsgV2luNjQ7IHg2NCkgQXBwbGVXZWJLaXQvNTM3LjM2IChLSFRNTCwgbGlrZSBHZWNrbykgVHJhZS8xLjEwMC4zIENocm9tZS8xMzIuMC42ODM0LjIxMCBFbGVjdHJvbi8zNC41LjEgU2FmYXJpLzUzNy4zNldpbjMyMTkyMDEwODBFdXJvcGUvUGFyaXM=","Mozilla/5.0 (Windows NT 10.0; Win64; x64) AppleWebKit/537.36 (KHTML, like Gecko) Trae/1.100.3 Chrome/132.0.6834.210 Electron/34.5.1 Safari/537.36","Win32","Europe/Paris"
"2025-06-28T00:31:23.893Z","TW96aWxsYS81LjAgKFdpbmRvd3MgTlQgMTAuMDsgV2luNjQ7IHg2NCkgQXBwbGVXZWJLaXQvNTM3LjM2IChLSFRNTCwgbGlrZSBHZWNrbykgQ2hyb21lLzEzNC4wLjAuMCBTYWZhcmkvNTM3LjM2IE9QUi8xMTkuMC4wLjBXaW4zMjE5MjAxMDgwRXVyb3BlL1Bhcmlz","Mozilla/5.0 (Windows NT 10.0; Win64; x64) AppleWebKit/537.36 (KHTML, like Gecko) Chrome/134.0.0.0 Safari/537.36 OPR/119.0.0.0","Win32","Europe/Paris"
"2025-06-28T00:41:45.115Z","TW96aWxsYS81LjAgKFdpbmRvd3MgTlQg","Mozilla/5.0 (Windows NT 10.0; Win64; x64) AppleWebKit/537.36 (KHTML, like Gecko) Chrome/134.0.0.0 Safari/537.36 OPR/119.0.0.0","Win32","Europe/Paris"
"2025-06-28T00:45:31.549Z","TW96aWxsYS81LjAgKFdpbmRvd3MgTlQgMTAuMDsgV2luNjQ7IHg2NCkgQXBwbGVXZWJLaXQvNTM3LjM2IChLSFRNTCwgbGlrZSBHZWNrbykgQ2hyb21lLzEzNC4wLjAuMCBTYWZhcmkvNTM3LjM2IE9QUi8xMTkuMC4wLjBXaW4zMjE5MjAxMDgw","Mozilla/5.0 (Windows NT 10.0; Win64; x64) AppleWebKit/537.36 (KHTML, like Gecko) Chrome/134.0.0.0 Safari/537.36 OPR/119.0.0.0","Win32","Europe/Paris"
"2025-06-28T00:45:31.549Z","TW96aWxsYS81LjAgKFdpbmRvd3MgTlQgMTAuMDsgV2luNjQ7IHg2NCkgQXBwbGVXZWJLaXQvNTM3LjM2IChLSFRNTCwgbGlrZSBHZWNrbykgQ2hyb21lLzEzNC4wLjAuMCBTYWZhcmkvNTM3LjM2IE9QUi8xMTkuMC4wLjBXaW4zMjE5MjAxMDgw","Mozilla/5.0 (Windows NT 10.0; Win64; x64) AppleWebKit/537.36 (KHTML, like Gecko) Chrome/134.0.0.0 Safari/537.36 OPR/119.0.0.0","Win32","Europe/Paris"
"2025-06-28T00:45:32.006Z","TW96aWxsYS81LjAgKFdpbmRvd3MgTlQg","Mozilla/5.0 (Windows NT 10.0; Win64; x64) AppleWebKit/537.36 (KHTML, like Gecko) Chrome/134.0.0.0 Safari/537.36 OPR/119.0.0.0","Win32","Europe/Paris"
"2025-06-28T00:45:35.437Z","TW96aWxsYS81LjAgKFdpbmRvd3MgTlQg","Mozilla/5.0 (Windows NT 10.0; Win64; x64) AppleWebKit/537.36 (KHTML, like Gecko) Chrome/134.0.0.0 Safari/537.36 OPR/119.0.0.0","Win32","Europe/Paris"
"2025-06-28T00:59:08.572Z","TW96aWxsYS81LjAgKFdpbmRvd3MgTlQgMTAuMDsgV2luNjQ7IHg2NCkgQXBwbGVXZWJLaXQvNTM3LjM2IChLSFRNTCwgbGlrZSBHZWNrbykgQ2hyb21lLzEzNC4wLjAuMCBTYWZhcmkvNTM3LjM2IE9QUi8xMTkuMC4wLjBXaW4zMjE5MjAxMDgw","Mozilla/5.0 (Windows NT 10.0; Win64; x64) AppleWebKit/537.36 (KHTML, like Gecko) Chrome/134.0.0.0 Safari/537.36 OPR/119.0.0.0","Win32","Europe/Paris"
"2025-06-28T00:59:08.656Z","TW96aWxsYS81LjAgKFdpbmRvd3MgTlQgMTAuMDsgV2luNjQ7IHg2NCkgQXBwbGVXZWJLaXQvNTM3LjM2IChLSFRNTCwgbGlrZSBHZWNrbykgQ2hyb21lLzEzNC4wLjAuMCBTYWZhcmkvNTM3LjM2IE9QUi8xMTkuMC4wLjBXaW4zMjE5MjAxMDgw","Mozilla/5.0 (Windows NT 10.0; Win64; x64) AppleWebKit/537.36 (KHTML, like Gecko) Chrome/134.0.0.0 Safari/537.36 OPR/119.0.0.0","Win32","Europe/Paris"
"2025-06-28T00:59:45.793Z","TW96aWxsYS81LjAgKFdpbmRvd3MgTlQg","Mozilla/5.0 (Windows NT 10.0; Win64; x64) AppleWebKit/537.36 (KHTML, like Gecko) Chrome/134.0.0.0 Safari/537.36 OPR/119.0.0.0","Win32","Europe/Paris"
"2025-06-28T00:59:47.550Z","TW96aWxsYS81LjAgKFdpbmRvd3MgTlQg","Mozilla/5.0 (Windows NT 10.0; Win64; x64) AppleWebKit/537.36 (KHTML, like Gecko) Chrome/134.0.0.0 Safari/537.36 OPR/119.0.0.0","Win32","Europe/Paris"
"2025-06-28T00:59:48.639Z","TW96aWxsYS81LjAgKFdpbmRvd3MgTlQg","Mozilla/5.0 (Windows NT 10.0; Win64; x64) AppleWebKit/537.36 (KHTML, like Gecko) Chrome/134.0.0.0 Safari/537.36 OPR/119.0.0.0","Win32","Europe/Paris"
"2025-06-28T00:59:53.503Z","TW96aWxsYS81LjAgKFdpbmRvd3MgTlQg","Mozilla/5.0 (Windows NT 10.0; Win64; x64) AppleWebKit/537.36 (KHTML, like Gecko) Chrome/134.0.0.0 Safari/537.36 OPR/119.0.0.0","Win32","Europe/Paris"
"2025-06-28T01:04:12.901Z","TW96aWxsYS81LjAgKFdpbmRvd3MgTlQg","Mozilla/5.0 (Windows NT 10.0; Win64; x64) AppleWebKit/537.36 (KHTML, like Gecko) Chrome/134.0.0.0 Safari/537.36 OPR/119.0.0.0","Win32","Europe/Paris"
"2025-06-28T01:04:16.569Z","TW96aWxsYS81LjAgKFdpbmRvd3MgTlQg","Mozilla/5.0 (Windows NT 10.0; Win64; x64) AppleWebKit/537.36 (KHTML, like Gecko) Chrome/134.0.0.0 Safari/537.36 OPR/119.0.0.0","Win32","Europe/Paris"
"2025-06-28T01:04:25.066Z","TW96aWxsYS81LjAgKFdpbmRvd3MgTlQgMTAuMDsgV2luNjQ7IHg2NCkgQXBwbGVXZWJLaXQvNTM3LjM2IChLSFRNTCwgbGlrZSBHZWNrbykgQ2hyb21lLzEzNC4wLjAuMCBTYWZhcmkvNTM3LjM2IE9QUi8xMTkuMC4wLjBXaW4zMjE5MjAxMDgw","Mozilla/5.0 (Windows NT 10.0; Win64; x64) AppleWebKit/537.36 (KHTML, like Gecko) Chrome/134.0.0.0 Safari/537.36 OPR/119.0.0.0","Win32","Europe/Paris"
"2025-06-28T01:04:25.066Z","TW96aWxsYS81LjAgKFdpbmRvd3MgTlQgMTAuMDsgV2luNjQ7IHg2NCkgQXBwbGVXZWJLaXQvNTM3LjM2IChLSFRNTCwgbGlrZSBHZWNrbykgQ2hyb21lLzEzNC4wLjAuMCBTYWZhcmkvNTM3LjM2IE9QUi8xMTkuMC4wLjBXaW4zMjE5MjAxMDgw","Mozilla/5.0 (Windows NT 10.0; Win64; x64) AppleWebKit/537.36 (KHTML, like Gecko) Chrome/134.0.0.0 Safari/537.36 OPR/119.0.0.0","Win32","Europe/Paris"
"2025-06-28T01:04:25.598Z","TW96aWxsYS81LjAgKFdpbmRvd3MgTlQg","Mozilla/5.0 (Windows NT 10.0; Win64; x64) AppleWebKit/537.36 (KHTML, like Gecko) Chrome/134.0.0.0 Safari/537.36 OPR/119.0.0.0","Win32","Europe/Paris"
