"2025-06-28T00:31:03.286Z","::1","Localisation inconnue","Mozilla/5.0 (Windows NT 10.0; Win64; x64) AppleWebKit/537.36 (KHTML, like Gecko) Trae/1.100.3 Chrome/132.0.6834.210 Electron/34.5.1 Safari/537.36","http://localhost:3000/?ide_webview_request_time=1751070659747"
"2025-06-28T00:31:03.329Z","::1","Localisation inconnue","Mozilla/5.0 (Windows NT 10.0; Win64; x64) AppleWebKit/537.36 (KHTML, like Gecko) Trae/1.100.3 Chrome/132.0.6834.210 Electron/34.5.1 Safari/537.36","http://localhost:3000/?ide_webview_request_time=1751070659747"
"2025-06-28T00:31:03.340Z","::1","Localisation inconnue","Mozilla/5.0 (Windows NT 10.0; Win64; x64) AppleWebKit/537.36 (KHTML, like Gecko) Trae/1.100.3 Chrome/132.0.6834.210 Electron/34.5.1 Safari/537.36","http://localhost:3000/?ide_webview_request_time=1751070659747"
"2025-06-28T00:31:23.629Z","::1","Localisation inconnue","Mozilla/5.0 (Windows NT 10.0; Win64; x64) AppleWebKit/537.36 (KHTML, like Gecko) Chrome/134.0.0.0 Safari/537.36 OPR/119.0.0.0","http://localhost:3000/politique-confidentialite"
"2025-06-28T00:41:44.992Z","::1","Localhost/Réseau local","Mozilla/5.0 (Windows NT 10.0; Win64; x64) AppleWebKit/537.36 (KHTML, like Gecko) Chrome/134.0.0.0 Safari/537.36 OPR/119.0.0.0","http://localhost:3000/politique-confidentialite"
"2025-06-28T00:45:31.549Z","::1","Localhost/Réseau local","Mozilla/5.0 (Windows NT 10.0; Win64; x64) AppleWebKit/537.36 (KHTML, like Gecko) Chrome/134.0.0.0 Safari/537.36 OPR/119.0.0.0","http://localhost:3000/"
"2025-06-28T00:45:31.549Z","::1","Localhost/Réseau local","Mozilla/5.0 (Windows NT 10.0; Win64; x64) AppleWebKit/537.36 (KHTML, like Gecko) Chrome/134.0.0.0 Safari/537.36 OPR/119.0.0.0","http://localhost:3000/"
"2025-06-28T00:45:31.989Z","::1","Localhost/Réseau local","Mozilla/5.0 (Windows NT 10.0; Win64; x64) AppleWebKit/537.36 (KHTML, like Gecko) Chrome/134.0.0.0 Safari/537.36 OPR/119.0.0.0","http://localhost:3000/"
"2025-06-28T00:45:34.899Z","::1","Localhost/Réseau local","Mozilla/5.0 (Windows NT 10.0; Win64; x64) AppleWebKit/537.36 (KHTML, like Gecko) Chrome/134.0.0.0 Safari/537.36 OPR/119.0.0.0","http://localhost:3000/parcours"
"2025-06-28T00:45:35.423Z","::1","Localhost/Réseau local","Mozilla/5.0 (Windows NT 10.0; Win64; x64) AppleWebKit/537.36 (KHTML, like Gecko) Chrome/134.0.0.0 Safari/537.36 OPR/119.0.0.0","http://localhost:3000/parcours"
"2025-06-28T00:59:08.573Z","::1","Localhost/Réseau local","Mozilla/5.0 (Windows NT 10.0; Win64; x64) AppleWebKit/537.36 (KHTML, like Gecko) Chrome/134.0.0.0 Safari/537.36 OPR/119.0.0.0","http://localhost:3000/"
"2025-06-28T00:59:08.644Z","::1","Localhost/Réseau local","Mozilla/5.0 (Windows NT 10.0; Win64; x64) AppleWebKit/537.36 (KHTML, like Gecko) Chrome/134.0.0.0 Safari/537.36 OPR/119.0.0.0","http://localhost:3000/"
"2025-06-28T00:59:45.759Z","::1","Localhost/Réseau local","Mozilla/5.0 (Windows NT 10.0; Win64; x64) AppleWebKit/537.36 (KHTML, like Gecko) Chrome/134.0.0.0 Safari/537.36 OPR/119.0.0.0","http://localhost:3000/parcours"
"2025-06-28T00:59:47.041Z","::1","Localhost/Réseau local","Mozilla/5.0 (Windows NT 10.0; Win64; x64) AppleWebKit/537.36 (KHTML, like Gecko) Chrome/134.0.0.0 Safari/537.36 OPR/119.0.0.0","http://localhost:3000/guide-ia"
"2025-06-28T00:59:47.325Z","::1","Localhost/Réseau local","Mozilla/5.0 (Windows NT 10.0; Win64; x64) AppleWebKit/537.36 (KHTML, like Gecko) Chrome/134.0.0.0 Safari/537.36 OPR/119.0.0.0","http://localhost:3000/guide-ia"
"2025-06-28T00:59:48.601Z","::1","Localhost/Réseau local","Mozilla/5.0 (Windows NT 10.0; Win64; x64) AppleWebKit/537.36 (KHTML, like Gecko) Chrome/134.0.0.0 Safari/537.36 OPR/119.0.0.0","http://localhost:3000/parcours"
"2025-06-28T00:59:52.932Z","::1","Localhost/Réseau local","Mozilla/5.0 (Windows NT 10.0; Win64; x64) AppleWebKit/537.36 (KHTML, like Gecko) Chrome/134.0.0.0 Safari/537.36 OPR/119.0.0.0","http://localhost:3000/guide-ia"
"2025-06-28T00:59:53.426Z","::1","Localhost/Réseau local","Mozilla/5.0 (Windows NT 10.0; Win64; x64) AppleWebKit/537.36 (KHTML, like Gecko) Chrome/134.0.0.0 Safari/537.36 OPR/119.0.0.0","http://localhost:3000/guide-ia"
"2025-06-28T01:04:12.831Z","::1","Localhost/Réseau local","Mozilla/5.0 (Windows NT 10.0; Win64; x64) AppleWebKit/537.36 (KHTML, like Gecko) Chrome/134.0.0.0 Safari/537.36 OPR/119.0.0.0","http://localhost:3000/parcours"
"2025-06-28T01:04:16.530Z","::1","Localhost/Réseau local","Mozilla/5.0 (Windows NT 10.0; Win64; x64) AppleWebKit/537.36 (KHTML, like Gecko) Chrome/134.0.0.0 Safari/537.36 OPR/119.0.0.0","http://localhost:3000/contact"
"2025-06-28T01:04:25.006Z","::1","Localhost/Réseau local","Mozilla/5.0 (Windows NT 10.0; Win64; x64) AppleWebKit/537.36 (KHTML, like Gecko) Chrome/134.0.0.0 Safari/537.36 OPR/119.0.0.0","http://localhost:3000/"
"2025-06-28T01:04:25.054Z","::1","Localhost/Réseau local","Mozilla/5.0 (Windows NT 10.0; Win64; x64) AppleWebKit/537.36 (KHTML, like Gecko) Chrome/134.0.0.0 Safari/537.36 OPR/119.0.0.0","http://localhost:3000/"
"2025-06-28T01:04:25.062Z","::1","Localhost/Réseau local","Mozilla/5.0 (Windows NT 10.0; Win64; x64) AppleWebKit/537.36 (KHTML, like Gecko) Chrome/134.0.0.0 Safari/537.36 OPR/119.0.0.0","http://localhost:3000/"
"2025-06-28T01:04:25.570Z","::1","Localhost/Réseau local","Mozilla/5.0 (Windows NT 10.0; Win64; x64) AppleWebKit/537.36 (KHTML, like Gecko) Chrome/134.0.0.0 Safari/537.36 OPR/119.0.0.0","http://localhost:3000/"
